4148,164129
cusspvz,114438
alex-cory,85929
popsiclesarecool,74376
free1,60723
rootux,56316
Brunocasanova,48597
threejs-cn,40311
MichalPaszkiewicz,32678
gabrielpconceicao,32464
ahmetabdi,29155
martinstojcevski5,27772
hcilab,21765
fordream,20658
mgwhitfield,18408
csjaba,17114
chovy,16085
trietptm,14360
SuriyaaKudoIsc,13890
equus12,13500
mcanthony,12816
hehead,12335
riyasmohamedmr,12236
arrival,12199
h4ck3rm1k3,12076
beali,11142
STRd6,9576
ypersyntelykos,9428
pranavlathigara,8518
Jacktony,8500
technologiclee,7653
BluedingAnes,7404
shoshindes,7239
vlordier,7110
JT5D,5950
joegesualdo,5768
gitlisted,5750
janvajda,5342
chetanspeed511987,5138
PivotLogix,4669
soyelmnd,4592
JSansalone,4387
alexsalas,4354
ARoiD,4249
facelessman,3994
swhgoon,3887
hanziwang,3834
charlenopires,3815
Robson002,3776
mssalvo,3713
ovwane,3577
matiasinsaurralde,3502
hotchagahot,3502
tennisonchan,3485
metadings,3400
trnsz,3374
katepesic,3363
sabariz,3221
leoj3n,3212
phpenterprise,3180
matthewmorrone1,3108
vinod1988,3103
HTshandou,3092
Zer0Root,3072
skylamer,3032
peterkokot,3032
galaris,3020
codehate,3003
brunocvcunha,2905
sasha240100,2718
andrew,2646
eahefnawy,2629
tigefa4u,2622
sadjow,2621
illucent,2564
silky,2520
githubchina,2314
Shipow,2312
podviaznikov,2227
sirinath,2224
Bmetz,2221
matthewleahy,2213
nslater,2201
Alive-AttemptTheLifeGangHouse,2195
sylviapric,2181
sunnygleason,2103
yetitrailadventure,2085
D132,2076
aligoren,2038
macressler,2032
mrtavat,2028
mtsoerin,2023
vinhnx,2021
imraazrally,2014
copygift,1995
superpoweredSDK,1960
webiest,1947
esneko,1944
q200981193,1937
mattn,1854
